{
    "name": "root",
    "gauges": {
        "Jumper.Policy.Entropy.mean": {
            "value": 0.062134403735399246,
            "min": 0.06141435354948044,
            "max": 0.6102426052093506,
            "count": 10
        },
        "Jumper.Environment.EpisodeLength.mean": {
            "value": 2386.846153846154,
            "min": 16.649488175079423,
            "max": 2414.875,
            "count": 10
        },
        "Jumper.HighScore.mean": {
            "value": 540.0,
            "min": 8.0,
            "max": 540.0,
            "count": 10
        },
        "Jumper.Policy.ExtrinsicValueEstimate.mean": {
            "value": 0.14987245202064514,
            "min": -0.7318986654281616,
            "max": 0.14987245202064514,
            "count": 10
        },
        "Jumper.Environment.CumulativeReward.mean": {
            "value": 3.88461548777727,
            "min": -0.9114522737215168,
            "max": 3.9937501079402864,
            "count": 10
        },
        "Jumper.Policy.ExtrinsicReward.mean": {
            "value": 3.88461548777727,
            "min": -0.9114522737215168,
            "max": 3.9937501079402864,
            "count": 10
        },
        "Jumper.Losses.ValueLoss.mean": {
            "value": 0.0031958073377609253,
            "min": 0.0031958073377609253,
            "max": 0.076154425740242,
            "count": 10
        },
        "Jumper.Losses.PolicyLoss.mean": {
            "value": 0.02419757843017578,
            "min": 0.021253470331430435,
            "max": 0.028004776686429977,
            "count": 10
        },
        "Jumper.Policy.LearningRate.mean": {
            "value": 1.6618419977021404e-05,
            "min": 1.6618419977021404e-05,
            "max": 0.00028463208582252264,
            "count": 10
        },
        "Jumper.Policy.Epsilon.mean": {
            "value": 0.10553944110870361,
            "min": 0.10553944110870361,
            "max": 0.19487735629081726,
            "count": 10
        },
        "Jumper.Policy.Beta.mean": {
            "value": 0.000286418100586161,
            "min": 0.000286418100586161,
            "max": 0.004744379781186581,
            "count": 10
        },
        "Jumper.IsTraining.mean": {
            "value": 1.0,
            "min": 1.0,
            "max": 1.0,
            "count": 10
        }
    },
    "metadata": {
        "timer_format_version": "0.1.0",
        "start_time_seconds": "1604832873",
        "python_version": "3.7.9 (default, Aug 31 2020, 17:10:11) [MSC v.1916 64 bit (AMD64)]",
        "command_line_arguments": "C:\\Users\\Ferra\\anaconda3\\envs\\ml-agents-1.0.5\\Scripts\\mlagents-learn D:\\Programming\\Unity\\MachineLearning\\JumpingCarAI\\Assets\\TrainerConfig\\trainer_config.yaml --run-id JumpingCar_09 --env=D:\\Programming\\Unity\\MachineLearning\\JumpingCarAI\\Build\\ML Agents Pro.exe --time-scale=10 --quality-level=0 --width=512 --height=512",
        "mlagents_version": "0.18.1",
        "mlagents_envs_version": "0.18.1",
        "communication_protocol_version": "1.0.0",
        "tensorflow_version": "1.15.0",
        "end_time_seconds": "1604833409"
    },
    "total": 535.1891731000001,
    "count": 1,
    "self": 1.158927100000028,
    "children": {
        "run_training.setup": {
            "total": 0.014664199999999905,
            "count": 1,
            "self": 0.014664199999999905
        },
        "TrainerController.start_learning": {
            "total": 534.0155818000001,
            "count": 1,
            "self": 41.63308020001148,
            "children": {
                "TrainerController._reset_env": {
                    "total": 8.922461499999999,
                    "count": 1,
                    "self": 8.922461499999999
                },
                "TrainerController.advance": {
                    "total": 483.32351619998855,
                    "count": 135707,
                    "self": 1.657295599980614,
                    "children": {
                        "env_step": {
                            "total": 481.66622060000793,
                            "count": 135707,
                            "self": 391.4783944999911,
                            "children": {
                                "SubprocessEnvManager._take_step": {
                                    "total": 88.64748390000503,
                                    "count": 135707,
                                    "self": 3.3927141000106786,
                                    "children": {
                                        "NNPolicy.evaluate": {
                                            "total": 85.25476979999435,
                                            "count": 134608,
                                            "self": 85.25476979999435
                                        }
                                    }
                                },
                                "workers": {
                                    "total": 1.5403422000118105,
                                    "count": 135707,
                                    "self": 0.0,
                                    "children": {
                                        "worker_root": {
                                            "total": 522.1660991000073,
                                            "count": 135707,
                                            "is_parallel": true,
                                            "self": 273.5478844000272,
                                            "children": {
                                                "steps_from_proto": {
                                                    "total": 0.0003064999999988771,
                                                    "count": 1,
                                                    "is_parallel": true,
                                                    "self": 0.00015979999999871097,
                                                    "children": {
                                                        "_process_vector_observation": {
                                                            "total": 0.00014670000000016614,
                                                            "count": 2,
                                                            "is_parallel": true,
                                                            "self": 0.00014670000000016614
                                                        }
                                                    }
                                                },
                                                "UnityEnvironment.step": {
                                                    "total": 248.6179081999801,
                                                    "count": 135707,
                                                    "is_parallel": true,
                                                    "self": 9.23213379998441,
                                                    "children": {
                                                        "UnityEnvironment._generate_step_input": {
                                                            "total": 8.251529100001441,
                                                            "count": 135707,
                                                            "is_parallel": true,
                                                            "self": 8.251529100001441
                                                        },
                                                        "communicator.exchange": {
                                                            "total": 201.75221090000548,
                                                            "count": 135707,
                                                            "is_parallel": true,
                                                            "self": 201.75221090000548
                                                        },