{
    "name": "root",
    "metadata": {
        "timer_format_version": "0.1.0",
        "start_time_seconds": "1603966277",
        "python_version": "3.7.9 (default, Aug 31 2020, 17:10:11) [MSC v.1916 64 bit (AMD64)]",
        "command_line_arguments": "C:\\Users\\Ferra\\anaconda3\\envs\\ml-agents-1.0.5\\Scripts\\mlagents-learn C:\\Users\\Ferra\\Downloads\\ml-agents-release_2\\ml-agents-release_2\\config\\trainer_config.yaml --run-id JumpingCar_01",
        "mlagents_version": "0.18.1",
        "mlagents_envs_version": "0.18.1",
        "communication_protocol_version": "1.0.0",
        "tensorflow_version": "1.15.0",
        "end_time_seconds": "1603966456"
    },
    "total": 178.6690181,
    "count": 1,
    "self": 0.05609229999998888,
    "children": {
        "run_training.setup": {
            "total": 0.014777700000000005,
            "count": 1,
            "self": 0.014777700000000005
        },
        "TrainerController.start_learning": {
            "total": 178.5981481,
            "count": 1,
            "self": 3.27800740000211,
            "children": {
                "TrainerController._reset_env": {
                    "total": 59.635491,
                    "count": 1,
                    "self": 59.635491
                },
                "TrainerController.advance": {
                    "total": 115.48241419999788,
                    "count": 7310,
                    "self": 0.1002091999971384,
                    "children": {
                        "env_step": {
                            "total": 115.38220500000074,
                            "count": 7310,
                            "self": 110.56886360000186,
                            "children": {
                                "SubprocessEnvManager._take_step": {
                                    "total": 4.724846799998865,
                                    "count": 7310,
                                    "self": 0.1906270999974211,
                                    "children": {
                                        "NNPolicy.evaluate": {
                                            "total": 4.534219700001444,
                                            "count": 6757,
                                            "self": 4.534219700001444
                                        }
                                    }
                                },
                                "workers": {
                                    "total": 0.0884946000000113,
                                    "count": 7309,
                                    "self": 0.0,
                                    "children": {
                                        "worker_root": {
                                            "total": 118.0315924000009,
                                            "count": 7309,
                                            "is_parallel": true,
                                            "self": 15.089012400001991,
                                            "children": {
                                                "steps_from_proto": {
                                                    "total": 0.00033519999999498395,
                                                    "count": 1,
                                                    "is_parallel": true,
                                                    "self": 0.00018099999999066085,
                                                    "children": {
                                                        "_process_vector_observation": {
                                                            "total": 0.0001542000000043231,
                                                            "count": 2,
                                                            "is_parallel": true,
                                                            "self": 0.0001542000000043231
                                                        }
                                                    }
                                                },
                                                "UnityEnvironment.step": {
                                                    "total": 102.94224479999892,
                                                    "count": 7309,
                                                    "is_parallel": true,
                                                    "self": 0.5732489999990236,
                                                    "children": {
                                                        "UnityEnvironment._generate_step_input": {
                                                            "total": 0.36548409999872433,
                                                            "count": 7309,
                                                            "is_parallel": true,
                                                            "self": 0.36548409999872433
                                                        },
                                                        "communicator.exchange": {
                                                            "total": 100.35881750000023,
                                                            "count": 7309,
                                                            "is_parallel": true,
                                                            "self": 100.35881750000023
                                                        },
                                                        "steps_from_proto": {
                                                            "total": 1.6446942000009415,
                                                            "count": 7309,
                                                            "is_parallel": true,
                                                            "self": 0.9720696999986558,
                                                            "children": {
                                                                "_process_vector_observation": {
                                                                    "total": 0.6726245000022857,
                                                                    "count": 14618,
                                                                    "is_parallel": true,
                                                                    "self": 0.6726245000022857
                                                                }
                                                            }
                                                        }
                                                    }
                                                }
                                            }
                                        }
                                    }
                                }
                            }
                        }
                    }
                },
                "trainer_threads": {
                    "total": 1.9199999996999395e-05,
                    "count": 1,
                    "self": 1.9199999996999395e-05,
                    "children": {
                        "thread_root": {
                            "total": 0.0,
                            "count": 0,
                            "is_parallel": true,
                            "self": 0.0,
                            "children": {
                                "trainer_advance": {
                                    "total": 116.50729220000376,
                                    "count": 59083,
                                    "is_parallel": true,
                                    "self": 1.71043490000379,
                                    "children": {
                                        "process_trajectory": {
                                            "total": 114.79685729999997,
                                            "count": 59083,