{
    "name": "root",
    "metadata": {
        "timer_format_version": "0.1.0",
        "start_time_seconds": "1603966773",
        "python_version": "3.7.9 (default, Aug 31 2020, 17:10:11) [MSC v.1916 64 bit (AMD64)]",
        "command_line_arguments": "C:\\Users\\Ferra\\anaconda3\\envs\\ml-agents-1.0.5\\Scripts\\mlagents-learn C:\\Users\\Ferra\\Downloads\\ml-agents-release_2\\ml-agents-release_2\\config\\trainer_config.yaml --run-id JumperCar_02",
        "mlagents_version": "0.18.1",
        "mlagents_envs_version": "0.18.1",
        "communication_protocol_version": "1.0.0",
        "tensorflow_version": "1.15.0",
        "end_time_seconds": "1603966828"
    },
    "total": 54.9951743,
    "count": 1,
    "self": 0.07136360000000508,
    "children": {
        "run_training.setup": {
            "total": 0.01617179999999996,
            "count": 1,
            "self": 0.01617179999999996
        },
        "TrainerController.start_learning": {
            "total": 54.907638899999995,
            "count": 1,
            "self": 1.67637330000003,
            "children": {
                "TrainerController._reset_env": {
                    "total": 9.3603174,
                    "count": 1,
                    "self": 9.3603174
                },
                "TrainerController.advance": {
                    "total": 43.643326499999965,
                    "count": 818,
                    "self": 0.014039899999922056,
                    "children": {
                        "env_step": {
                            "total": 43.62928660000004,
                            "count": 818,
                            "self": 42.96358140000011,
                            "children": {
                                "SubprocessEnvManager._take_step": {
                                    "total": 0.6542182999999966,
                                    "count": 818,
                                    "self": 0.025914500000006058,
                                    "children": {
                                        "NNPolicy.evaluate": {
                                            "total": 0.6283037999999905,
                                            "count": 754,
                                            "self": 0.6283037999999905
                                        }
                                    }
                                },
                                "workers": {
                                    "total": 0.011486899999933797,
                                    "count": 817,
                                    "self": 0.0,
                                    "children": {
                                        "worker_root": {
                                            "total": 44.85573680000002,
                                            "count": 817,
                                            "is_parallel": true,
                                            "self": 3.1364293000000245,
                                            "children": {
                                                "steps_from_proto": {
                                                    "total": 0.00033499999999975216,
                                                    "count": 1,
                                                    "is_parallel": true,
                                                    "self": 0.0002002000000018711,
                                                    "children": {
                                                        "_process_vector_observation": {
                                                            "total": 0.00013479999999788106,
                                                            "count": 2,
                                                            "is_parallel": true,
                                                            "self": 0.00013479999999788106
                                                        }
                                                    }
                                                },
                                                "UnityEnvironment.step": {
                                                    "total": 41.71897249999999,
                                                    "count": 817,
                                                    "is_parallel": true,
                                                    "self": 0.07395950000012164,
                                                    "children": {
                                                        "UnityEnvironment._generate_step_input": {
                                                            "total": 0.051623999999980796,
                                                            "count": 817,
                                                            "is_parallel": true,
                                                            "self": 0.051623999999980796
                                                        },
                                                        "communicator.exchange": {
                                                            "total": 41.38569829999999,
                                                            "count": 817,
                                                            "is_parallel": true,
                                                            "self": 41.38569829999999
                                                        },
                                                        "steps_from_proto": {
                                                            "total": 0.20769069999990108,
                                                            "count": 817,
                                                            "is_parallel": true,
                                                            "self": 0.12210089999983076,
                                                            "children": {
                                                                "_process_vector_observation": {
                                                                    "total": 0.08558980000007033,
                                                                    "count": 1634,
                                                                    "is_parallel": true,
                                                                    "self": 0.08558980000007033
                                                                }
                                                            }
                                                        }
                                                    }
                                                }
                                            }
                                        }
                                    }
                                }
                            }
                        }
                    }
                },
                "trainer_threads": {
                    "total": 2.9099999999004922e-05,
                    "count": 1,
                    "self": 2.9099999999004922e-05,
                    "children": {
                        "thread_root": {
                            "total": 0.0,
                            "count": 0,
                            "is_parallel": true,
                            "self": 0.0,
                            "children": {
                                "trainer_advance": {
                                    "total": 43.348703599999766,
                                    "count": 22259,
                                    "is_parallel": true,
                                    "self": 1.0592606000002007,
                                    "children": {
                                        "process_trajectory": {
                                            "total": 42.289442999999565,
                                            "count": 22259,